stem,ESCNet-B5_mae,Light-B2-C64_mae,Light-B2-C64_minus_ESCNet-B5_mae
camourflage_00012,0.021495,0.018938,-0.002557
camourflage_00018,0.010145,0.013672,0.003526
camourflage_00061,0.008733,0.007348,-0.001385
camourflage_00064,0.044557,0.069938,0.025382
camourflage_00071,0.024909,0.032336,0.007426
camourflage_00079,0.030750,0.031578,0.000828
camourflage_00087,0.008118,0.006356,-0.001763
camourflage_00088,0.021752,0.018639,-0.003113
camourflage_00090,0.018637,0.019471,0.000834
camourflage_00097,0.009105,0.008426,-0.000679
camourflage_00098,0.005106,0.006524,0.001418
camourflage_00100,0.019472,0.011758,-0.007714
camourflage_00102,0.058718,0.167425,0.108708
camourflage_00112,0.033878,0.028304,-0.005573
camourflage_00114,0.011297,0.010395,-0.000902
camourflage_00120,0.022404,0.017251,-0.005153
camourflage_00122,0.026418,0.028566,0.002148
camourflage_00124,0.040178,0.038390,-0.001788
camourflage_00129,0.009161,0.011158,0.001997
camourflage_00135,0.007844,0.011990,0.004146
camourflage_00138,0.023618,0.021735,-0.001882
camourflage_00141,0.006441,0.006388,-0.000053
camourflage_00145,0.017421,0.027681,0.010260
camourflage_00147,0.011336,0.010971,-0.000365
camourflage_00153,0.011329,0.010284,-0.001046
camourflage_00156,0.040556,0.039236,-0.001320
camourflage_00160,0.009576,0.009470,-0.000106
camourflage_00166,0.054904,0.141966,0.087061
camourflage_00169,0.021406,0.020400,-0.001007
camourflage_00171,0.009631,0.009762,0.000131
camourflage_00175,0.054433,0.089124,0.034692
camourflage_00183,0.038983,0.081264,0.042281
camourflage_00196,0.011434,0.012022,0.000588
camourflage_00197,0.017660,0.020005,0.002345
camourflage_00205,0.031786,0.017427,-0.014358
camourflage_00207,0.006870,0.006073,-0.000797
camourflage_00208,0.017847,0.012951,-0.004896
camourflage_00209,0.051482,0.054551,0.003069
camourflage_00224,0.006719,0.006801,0.000082
camourflage_00232,0.008875,0.008321,-0.000553
camourflage_00235,0.198435,0.177243,-0.021192
camourflage_00257,0.017589,0.021057,0.003468
camourflage_00259,0.006783,0.006823,0.000039
camourflage_00266,0.031880,0.028756,-0.003123
camourflage_00269,0.061986,0.038446,-0.023540
camourflage_00270,0.013665,0.113067,0.099402
camourflage_00273,0.018391,0.018150,-0.000242
camourflage_00275,0.076758,0.162660,0.085903
camourflage_00285,0.261443,0.266823,0.005379
camourflage_00310,0.099260,0.089993,-0.009267
camourflage_00332,0.014618,0.019332,0.004714
camourflage_00333,0.073597,0.064964,-0.008633
camourflage_00337,0.008026,0.008121,0.000095
camourflage_00348,0.012814,0.029682,0.016868
camourflage_00351,0.018506,0.023161,0.004654
camourflage_00361,0.009765,0.009438,-0.000327
camourflage_00364,0.072310,0.134136,0.061826
camourflage_00365,0.015599,0.025417,0.009818
camourflage_00381,0.011937,0.011672,-0.000265
camourflage_00398,0.014440,0.015089,0.000649
camourflage_00406,0.013626,0.015689,0.002064
camourflage_00408,0.036680,0.032415,-0.004265
camourflage_00420,0.012634,0.012491,-0.000143
camourflage_00421,0.015446,0.017857,0.002411
camourflage_00422,0.018466,0.027721,0.009255
camourflage_00430,0.019068,0.022327,0.003259
camourflage_00435,0.013903,0.013307,-0.000596
camourflage_00436,0.079474,0.080273,0.000799
camourflage_00443,0.056373,0.059907,0.003534
camourflage_00444,0.016145,0.012243,-0.003902
camourflage_00449,0.029575,0.022177,-0.007398
camourflage_00463,0.013012,0.012227,-0.000785
camourflage_00470,0.025714,0.028540,0.002826
camourflage_00471,0.004091,0.004643,0.000552
camourflage_00473,0.008146,0.018996,0.010850
camourflage_00478,0.242530,0.230264,-0.012266
camourflage_00496,0.006493,0.010488,0.003995
camourflage_00498,0.025749,0.028485,0.002736
camourflage_00500,0.013223,0.012457,-0.000765
camourflage_00502,0.004854,0.010282,0.005428
camourflage_00510,0.009110,0.008547,-0.000563
camourflage_00515,0.024119,0.025983,0.001864
camourflage_00519,0.048121,0.175054,0.126934
camourflage_00522,0.039579,0.039405,-0.000175
camourflage_00528,0.008267,0.011312,0.003045
camourflage_00539,0.007151,0.006813,-0.000338
camourflage_00550,0.012669,0.023392,0.010723
camourflage_00563,0.050871,0.052375,0.001503
camourflage_00594,0.022050,0.023518,0.001468
camourflage_00597,0.010905,0.012195,0.001290
camourflage_00600,0.006950,0.006086,-0.000864
camourflage_00602,0.022244,0.025915,0.003671
camourflage_00623,0.016495,0.013992,-0.002503
camourflage_00631,0.008521,0.011871,0.003350
camourflage_00641,0.011751,0.011164,-0.000587
camourflage_00647,0.031646,0.028638,-0.003008
camourflage_00677,0.008295,0.006763,-0.001531
camourflage_00688,0.015373,0.013831,-0.001542
camourflage_00694,0.016234,0.016806,0.000572
camourflage_00699,0.126975,0.123669,-0.003306
camourflage_00706,0.061301,0.060350,-0.000951
camourflage_00713,0.011727,0.008128,-0.003600
camourflage_00723,0.021731,0.034662,0.012931
camourflage_00750,0.008765,0.008682,-0.000083
camourflage_00758,0.029930,0.024079,-0.005851
camourflage_00768,0.024488,0.019956,-0.004533
camourflage_00779,0.022038,0.026658,0.004620
camourflage_00782,0.044810,0.034841,-0.009969
camourflage_00783,0.060901,0.066883,0.005982
camourflage_00794,0.017204,0.023717,0.006513
camourflage_00800,0.028649,0.022195,-0.006454
camourflage_00801,0.021569,0.019046,-0.002523
camourflage_00807,0.013243,0.013830,0.000588
camourflage_00829,0.004846,0.004033,-0.000812
camourflage_00846,0.031213,0.027611,-0.003602
camourflage_00847,0.015842,0.006570,-0.009272
camourflage_00857,0.009249,0.011037,0.001788
camourflage_00860,0.014949,0.023025,0.008076
camourflage_00863,0.040980,0.038803,-0.002177
camourflage_00869,0.014765,0.013769,-0.000996
camourflage_00890,0.035048,0.038571,0.003523
camourflage_00903,0.010067,0.007967,-0.002100
camourflage_00924,0.080964,0.124609,0.043645
camourflage_00928,0.021231,0.017973,-0.003258
camourflage_00931,0.009334,0.035062,0.025729
camourflage_00939,0.027969,0.021484,-0.006484
camourflage_00944,0.010228,0.009148,-0.001080
camourflage_00959,0.015210,0.021021,0.005811
camourflage_00977,0.040181,0.048287,0.008107
camourflage_00985,0.010129,0.009212,-0.000916
camourflage_00991,0.021648,0.021204,-0.000444
camourflage_00997,0.041727,0.035114,-0.006613
camourflage_00998,0.007426,0.007259,-0.000167
camourflage_01001,0.020790,0.020457,-0.000333
camourflage_01003,0.009232,0.008300,-0.000932
camourflage_01004,0.080710,0.083365,0.002655
camourflage_01006,0.049936,0.084084,0.034148
camourflage_01008,0.019527,0.031972,0.012445
camourflage_01009,0.093760,0.154454,0.060694
camourflage_01014,0.047129,0.066246,0.019116
camourflage_01016,0.196896,0.266115,0.069219
camourflage_01018,0.073649,0.095979,0.022329
camourflage_01020,0.011142,0.006708,-0.004434
camourflage_01021,0.105853,0.128818,0.022964
camourflage_01023,0.049907,0.078926,0.029019
camourflage_01025,0.009482,0.015184,0.005702
camourflage_01027,0.092751,0.096091,0.003340
camourflage_01030,0.141614,0.146539,0.004925
camourflage_01032,0.031885,0.039117,0.007232
camourflage_01034,0.017739,0.047294,0.029555
camourflage_01041,0.011491,0.022470,0.010979
camourflage_01044,0.013147,0.013293,0.000146
camourflage_01046,0.041267,0.031910,-0.009357
camourflage_01048,0.088050,0.081893,-0.006157
camourflage_01050,0.024397,0.024416,0.000020
camourflage_01052,0.054415,0.176913,0.122498
camourflage_01053,0.020360,0.012028,-0.008332
camourflage_01056,0.021356,0.022524,0.001169
camourflage_01058,0.012784,0.015156,0.002372
camourflage_01064,0.097473,0.155905,0.058432
camourflage_01066,0.122408,0.088784,-0.033624
camourflage_01067,0.140849,0.150825,0.009976
camourflage_01068,0.028197,0.045086,0.016889
camourflage_01070,0.066559,0.087457,0.020899
camourflage_01072,0.071384,0.089036,0.017652
camourflage_01074,0.045457,0.046969,0.001512
camourflage_01075,0.011366,0.015793,0.004427
camourflage_01078,0.041212,0.056485,0.015273
camourflage_01081,0.072437,0.036515,-0.035922
camourflage_01082,0.178530,0.195090,0.016560
camourflage_01087,0.145089,0.075531,-0.069558
camourflage_01090,0.021745,0.026986,0.005241
camourflage_01091,0.060028,0.095204,0.035176
camourflage_01094,0.056048,0.067372,0.011324
camourflage_01095,0.058285,0.103857,0.045572
camourflage_01096,0.055380,0.059320,0.003940
camourflage_01098,0.009297,0.044709,0.035412
camourflage_01100,0.062961,0.074645,0.011684
camourflage_01101,0.019354,0.033091,0.013737
camourflage_01103,0.014116,0.010362,-0.003753
camourflage_01104,0.016186,0.017863,0.001677
camourflage_01105,0.026247,0.023146,-0.003101
camourflage_01106,0.009008,0.010000,0.000991
camourflage_01107,0.024627,0.028855,0.004229
camourflage_01110,0.077910,0.040879,-0.037030
camourflage_01112,0.009061,0.012929,0.003868
camourflage_01113,0.014663,0.022522,0.007859
camourflage_01115,0.036076,0.037408,0.001332
camourflage_01116,0.012064,0.041001,0.028937
camourflage_01117,0.016117,0.008798,-0.007318
camourflage_01118,0.070044,0.067593,-0.002452
camourflage_01122,0.021623,0.019171,-0.002452
camourflage_01126,0.224161,0.272763,0.048602
camourflage_01128,0.024612,0.026837,0.002225
camourflage_01131,0.088419,0.106703,0.018284
camourflage_01132,0.014928,0.010989,-0.003939
camourflage_01133,0.056579,0.011537,-0.045041
camourflage_01135,0.031462,0.048738,0.017276
camourflage_01137,0.049553,0.026030,-0.023523
camourflage_01139,0.016124,0.016461,0.000336
camourflage_01140,0.028165,0.018676,-0.009489
camourflage_01141,0.304469,0.589189,0.284720
camourflage_01143,0.022546,0.021610,-0.000936
camourflage_01144,0.040749,0.056100,0.015351
camourflage_01145,0.015974,0.012139,-0.003834
camourflage_01148,0.011602,0.011621,0.000019
camourflage_01150,0.018449,0.032653,0.014204
camourflage_01151,0.009706,0.009271,-0.000435
camourflage_01154,0.056788,0.147171,0.090382
camourflage_01156,0.029778,0.045032,0.015254
camourflage_01158,0.114429,0.050555,-0.063874
camourflage_01159,0.046897,0.044649,-0.002248
camourflage_01161,0.076010,0.132159,0.056149
camourflage_01163,0.048005,0.040965,-0.007040
camourflage_01164,0.044665,0.091335,0.046671
camourflage_01165,0.112896,0.181956,0.069060
camourflage_01168,0.048627,0.269970,0.221343
camourflage_01170,0.457674,0.411342,-0.046332
camourflage_01172,0.037272,0.033711,-0.003561
camourflage_01175,0.086789,0.035772,-0.051017
camourflage_01177,0.040511,0.108042,0.067530
camourflage_01179,0.026227,0.031998,0.005772
camourflage_01180,0.196785,0.125717,-0.071069
camourflage_01181,0.019232,0.022864,0.003631
camourflage_01182,0.044176,0.064633,0.020457
camourflage_01183,0.066389,0.065598,-0.000791
camourflage_01185,0.165487,0.194779,0.029292
camourflage_01188,0.012215,0.013965,0.001750
camourflage_01189,0.012314,0.013079,0.000765
camourflage_01190,0.021557,0.015262,-0.006295
camourflage_01192,0.040630,0.045948,0.005318
camourflage_01193,0.087313,0.130219,0.042906
camourflage_01194,0.411613,0.360561,-0.051052
camourflage_01195,0.129086,0.129265,0.000179
camourflage_01196,0.068396,0.067994,-0.000402
camourflage_01199,0.005494,0.009024,0.003529
camourflage_01200,0.018095,0.008570,-0.009525
camourflage_01205,0.008702,0.011379,0.002677
camourflage_01208,0.017570,0.017014,-0.000556
camourflage_01210,0.035626,0.035579,-0.000047
camourflage_01211,0.008337,0.007066,-0.001271
camourflage_01217,0.064729,0.055215,-0.009515
camourflage_01235,0.032199,0.045078,0.012879
camourflage_01240,0.016344,0.013170,-0.003173
camourflage_01242,0.005961,0.005351,-0.000611
camourflage_01243,0.004742,0.007298,0.002556
camourflage_01244,0.004967,0.004334,-0.000633
camourflage_01245,0.006536,0.008532,0.001995
camourflage_01247,0.008903,0.009149,0.000246
camourflage_01250,0.018554,0.019857,0.001303
